<?xml version="1.0" encoding="UTF-8"?>
<!DOCTYPE mapper PUBLIC "-//mybatis.org//DTD Mapper 3.0//EN" "http://mybatis.org/dtd/mybatis-3-mapper.dtd">
<mapper namespace="com.oudake.console.dao.TblFlowerStatusMapper">
    <resultMap id="BaseResultMap" type="com.oudake.console.model.TblFlowerStatus">
        <result column="FLOWER_ID" jdbcType="INTEGER" property="flowerId"/>
        <result column="TYPE" jdbcType="VARCHAR" property="type"/>
        <result column="AMOUNT" jdbcType="INTEGER" property="amount"/>
    </resultMap>

    <sql id="Union_Column_List">
        t1.FLOWER_ID, t1.TYPE, t1.AMOUNT
    </sql>

    <insert id="insert" parameterType="com.oudake.console.model.TblFlowerStatus">
    insert into TBL_FLOWER_STATUS (FLOWER_ID, TYPE, AMOUNT
      )
    values (#{flowerId,jdbcType=INTEGER}, #{type,jdbcType=VARCHAR}, #{amount,jdbcType=INTEGER}
      )
  </insert>
    <insert id="insertSelective" parameterType="com.oudake.console.model.TblFlowerStatus">
        insert into TBL_FLOWER_STATUS
        <trim prefix="(" suffix=")" suffixOverrides=",">
            <if test="flowerId != null">
                FLOWER_ID,
            </if>
            <if test="type != null">
                TYPE,
            </if>
            <if test="amount != null">
                AMOUNT,
            </if>
        </trim>
        <trim prefix="values (" suffix=")" suffixOverrides=",">
            <if test="flowerId != null">
                #{flowerId,jdbcType=INTEGER},
            </if>
            <if test="type != null">
                #{type,jdbcType=VARCHAR},
            </if>
            <if test="amount != null">
                #{amount,jdbcType=INTEGER},
            </if>
        </trim>
    </insert>

    <select id="findById_Type" resultMap="BaseResultMap" resultType="com.oudake.console.model.TblFlowerStatus">
        select
        <include refid="Union_Column_List"/>
        from TBL_FLOWER_STATUS t1
        where 1 = 1
        <if test="flowerId != null and flowerId > 0">
            and t1.FLOWER_ID = #{flowerId}
        </if>
        <if test="type != null and type != ''">
            and t1.TYPE = #{type}
        </if>
    </select>

    <select id="getAllViewCount" resultType="Integer">
        select
        sum(t1.AMOUNT)
        from TBL_FLOWER_STATUS t1
        where 1 = 1
        <if test="type != null and type != ''">
            and t1.type = #{type}
        </if>
    </select>
</mapper>