<?xml version="1.0" encoding="UTF-8"?>
<!DOCTYPE mapper PUBLIC "-//mybatis.org//DTD Mapper 3.0//EN" "http://mybatis.org/dtd/mybatis-3-mapper.dtd">
<mapper namespace="com.oudake.console.dao.TblSysUserMapper">
    <resultMap id="BaseResultMap" type="com.oudake.console.model.TblSysUser">
        <result column="USER_ID" jdbcType="INTEGER" property="userId"/>
        <result column="USERNAME" jdbcType="VARCHAR" property="username"/>
        <result column="PASSWORD" jdbcType="VARCHAR" property="password"/>
        <result column="REAL_NAME" jdbcType="VARCHAR" property="realName"/>
        <result column="ORG_CODE" jdbcType="VARCHAR" property="orgCode"/>
        <result column="STATUS" jdbcType="VARCHAR" property="status"/>
        <result column="USER_TYPE" jdbcType="VARCHAR" property="userType"/>
        <result column="USER_PHONE" jdbcType="VARCHAR" property="userPhone"/>
        <result column="USER_EMAIL" jdbcType="VARCHAR" property="userEmail"/>
        <result column="USER_ADDR" jdbcType="VARCHAR" property="userAddr"/>
        <result column="HISTORY_PWD" jdbcType="VARCHAR" property="historyPwd"/>
        <result column="REGISTER_TIME" jdbcType="VARCHAR" property="registerTime"/>
        <result column="REGISTER_IP" jdbcType="VARCHAR" property="registerIp"/>
        <result column="LAST_LOGIN_TIME" jdbcType="VARCHAR" property="lastLoginTime"/>
        <result column="LAST_LOGIN_IP" jdbcType="VARCHAR" property="lastLoginIp"/>
        <result column="RESERVED1" jdbcType="VARCHAR" property="reserved1"/>
        <result column="RESERVED2" jdbcType="VARCHAR" property="reserved2"/>
        <result column="RESERVED3" jdbcType="VARCHAR" property="reserved3"/>
    </resultMap>
    <insert id="insert" parameterType="com.oudake.console.model.TblSysUser">
    insert into TBL_SYS_USER (USER_ID, USERNAME, PASSWORD, 
      REAL_NAME, ORG_CODE, STATUS, 
      USER_TYPE, USER_PHONE, USER_EMAIL, 
      USER_ADDR, HISTORY_PWD, REGISTER_TIME, 
      REGISTER_IP, LAST_LOGIN_TIME, LAST_LOGIN_IP, 
      RESERVED1, RESERVED2, RESERVED3
      )
    values (#{userId,jdbcType=INTEGER}, #{username,jdbcType=VARCHAR}, #{password,jdbcType=VARCHAR}, 
      #{realName,jdbcType=VARCHAR}, #{orgCode,jdbcType=VARCHAR}, #{status,jdbcType=VARCHAR}, 
      #{userType,jdbcType=VARCHAR}, #{userPhone,jdbcType=VARCHAR}, #{userEmail,jdbcType=VARCHAR}, 
      #{userAddr,jdbcType=VARCHAR}, #{historyPwd,jdbcType=VARCHAR}, #{registerTime,jdbcType=VARCHAR}, 
      #{registerIp,jdbcType=VARCHAR}, #{lastLoginTime,jdbcType=VARCHAR}, #{lastLoginIp,jdbcType=VARCHAR}, 
      #{reserved1,jdbcType=VARCHAR}, #{reserved2,jdbcType=VARCHAR}, #{reserved3,jdbcType=VARCHAR}
      )
  </insert>
    <insert id="insertSelective" parameterType="com.oudake.console.model.TblSysUser">
        insert into TBL_SYS_USER
        <trim prefix="(" suffix=")" suffixOverrides=",">
            <if test="userId != null">
                USER_ID,
            </if>
            <if test="username != null">
                USERNAME,
            </if>
            <if test="password != null">
                PASSWORD,
            </if>
            <if test="realName != null">
                REAL_NAME,
            </if>
            <if test="orgCode != null">
                ORG_CODE,
            </if>
            <if test="status != null">
                STATUS,
            </if>
            <if test="userType != null">
                USER_TYPE,
            </if>
            <if test="userPhone != null">
                USER_PHONE,
            </if>
            <if test="userEmail != null">
                USER_EMAIL,
            </if>
            <if test="userAddr != null">
                USER_ADDR,
            </if>
            <if test="historyPwd != null">
                HISTORY_PWD,
            </if>
            <if test="registerTime != null">
                REGISTER_TIME,
            </if>
            <if test="registerIp != null">
                REGISTER_IP,
            </if>
            <if test="lastLoginTime != null">
                LAST_LOGIN_TIME,
            </if>
            <if test="lastLoginIp != null">
                LAST_LOGIN_IP,
            </if>
            <if test="reserved1 != null">
                RESERVED1,
            </if>
            <if test="reserved2 != null">
                RESERVED2,
            </if>
            <if test="reserved3 != null">
                RESERVED3,
            </if>
        </trim>
        <trim prefix="values (" suffix=")" suffixOverrides=",">
            <if test="userId != null">
                #{userId,jdbcType=INTEGER},
            </if>
            <if test="username != null">
                #{username,jdbcType=VARCHAR},
            </if>
            <if test="password != null">
                #{password,jdbcType=VARCHAR},
            </if>
            <if test="realName != null">
                #{realName,jdbcType=VARCHAR},
            </if>
            <if test="orgCode != null">
                #{orgCode,jdbcType=VARCHAR},
            </if>
            <if test="status != null">
                #{status,jdbcType=VARCHAR},
            </if>
            <if test="userType != null">
                #{userType,jdbcType=VARCHAR},
            </if>
            <if test="userPhone != null">
                #{userPhone,jdbcType=VARCHAR},
            </if>
            <if test="userEmail != null">
                #{userEmail,jdbcType=VARCHAR},
            </if>
            <if test="userAddr != null">
                #{userAddr,jdbcType=VARCHAR},
            </if>
            <if test="historyPwd != null">
                #{historyPwd,jdbcType=VARCHAR},
            </if>
            <if test="registerTime != null">
                #{registerTime,jdbcType=VARCHAR},
            </if>
            <if test="registerIp != null">
                #{registerIp,jdbcType=VARCHAR},
            </if>
            <if test="lastLoginTime != null">
                #{lastLoginTime,jdbcType=VARCHAR},
            </if>
            <if test="lastLoginIp != null">
                #{lastLoginIp,jdbcType=VARCHAR},
            </if>
            <if test="reserved1 != null">
                #{reserved1,jdbcType=VARCHAR},
            </if>
            <if test="reserved2 != null">
                #{reserved2,jdbcType=VARCHAR},
            </if>
            <if test="reserved3 != null">
                #{reserved3,jdbcType=VARCHAR},
            </if>
        </trim>
    </insert>
</mapper>