<?xml version="1.0" encoding="UTF-8"?>
<!DOCTYPE mapper PUBLIC "-//mybatis.org//DTD Mapper 3.0//EN" "http://mybatis.org/dtd/mybatis-3-mapper.dtd">
<mapper namespace="com.oudake.console.dao.TblUserMapper">
    <resultMap id="BaseResultMap" type="com.oudake.console.model.TblUser">
        <result column="USER_ID" jdbcType="INTEGER" property="userId"/>
        <result column="USERNAME" jdbcType="VARCHAR" property="username"/>
        <result column="USER_PHONE" jdbcType="VARCHAR" property="userPhone"/>
        <result column="PASSWORD" jdbcType="VARCHAR" property="password"/>
        <result column="USER_STATUS" jdbcType="VARCHAR" property="userStatus"/>
        <result column="USER_TYPE" jdbcType="VARCHAR" property="userType"/>
        <result column="RESERVED1" jdbcType="VARCHAR" property="reserved1"/>
        <result column="RESERVED2" jdbcType="VARCHAR" property="reserved2"/>
        <result column="RESERVED3" jdbcType="VARCHAR" property="reserved3"/>
    </resultMap>

    <resultMap id="UnionResultMap" type="com.oudake.console.model.TblUser" extends="BaseResultMap">
        <result column="LAST_LOGIN_TIME" property="lastLoginTime" jdbcType="VARCHAR"/>
    </resultMap>

    <sql id="Union_Column_List">
        t1.USER_ID, t1.USERNAME, t1.USER_PHONE, t1.PASSWORD, t1.USER_STATUS, t1.USER_TYPE,
        t1.RESERVED1, t1.RESERVED2, t1.RESERVED3, t2.LAST_LOGIN_TIME
    </sql>

    <insert id="insert" parameterType="com.oudake.console.model.TblUser">
    insert into TBL_USER (USER_ID, USERNAME, USER_PHONE, 
      PASSWORD, USER_STATUS, USER_TYPE, 
      RESERVED1, RESERVED2, RESERVED3
      )
    values (#{userId,jdbcType=INTEGER}, #{username,jdbcType=VARCHAR}, #{userPhone,jdbcType=VARCHAR}, 
      #{password,jdbcType=VARCHAR}, #{userStatus,jdbcType=VARCHAR}, #{userType,jdbcType=VARCHAR}, 
      #{reserved1,jdbcType=VARCHAR}, #{reserved2,jdbcType=VARCHAR}, #{reserved3,jdbcType=VARCHAR}
      )
  </insert>
    <insert id="insertSelective" parameterType="com.oudake.console.model.TblUser">
        insert into TBL_USER
        <trim prefix="(" suffix=")" suffixOverrides=",">
            <if test="userId != null">
                USER_ID,
            </if>
            <if test="username != null">
                USERNAME,
            </if>
            <if test="userPhone != null">
                USER_PHONE,
            </if>
            <if test="password != null">
                PASSWORD,
            </if>
            <if test="userStatus != null">
                USER_STATUS,
            </if>
            <if test="userType != null">
                USER_TYPE,
            </if>
            <if test="reserved1 != null">
                RESERVED1,
            </if>
            <if test="reserved2 != null">
                RESERVED2,
            </if>
            <if test="reserved3 != null">
                RESERVED3,
            </if>
        </trim>
        <trim prefix="values (" suffix=")" suffixOverrides=",">
            <if test="userId != null">
                #{userId,jdbcType=INTEGER},
            </if>
            <if test="username != null">
                #{username,jdbcType=VARCHAR},
            </if>
            <if test="userPhone != null">
                #{userPhone,jdbcType=VARCHAR},
            </if>
            <if test="password != null">
                #{password,jdbcType=VARCHAR},
            </if>
            <if test="userStatus != null">
                #{userStatus,jdbcType=VARCHAR},
            </if>
            <if test="userType != null">
                #{userType,jdbcType=VARCHAR},
            </if>
            <if test="reserved1 != null">
                #{reserved1,jdbcType=VARCHAR},
            </if>
            <if test="reserved2 != null">
                #{reserved2,jdbcType=VARCHAR},
            </if>
            <if test="reserved3 != null">
                #{reserved3,jdbcType=VARCHAR},
            </if>
        </trim>
    </insert>

    <select id="findUserByNameAndTypeAndStatus" resultMap="UnionResultMap" resultType="com.oudake.console.model.TblUser">
        select
        <include refid="Union_Column_List"/>
        from TBL_USER t1
        left join TBL_USER_INFO t2
        on t1.USER_ID = t2.USER_ID
        where 1 = 1
        <if test="user.username != null and user.username != ''">
            and t1.USERNAME like CONCAT('%', #{user.username}, '%')
        </if>
        <if test="user.userType != null and user.userType != ''">
            and t1.USER_TYPE like CONCAT('%', #{user.userType}, '%')
        </if>
        <if test="user.userStatus != null and user.userStatus != ''">
            and t1.USER_STATUS like CONCAT('%', #{user.userStatus}, '%')
        </if>
    </select>
</mapper>