<?xml version="1.0" encoding="UTF-8"?>
<!DOCTYPE mapper PUBLIC "-//mybatis.org//DTD Mapper 3.0//EN" "http://mybatis.org/dtd/mybatis-3-mapper.dtd">
<mapper namespace="com.oudake.web.dao.TblUserInfoMapper">
    <resultMap id="BaseResultMap" type="com.oudake.web.model.TblUserInfo">
        <result column="USER_ID" jdbcType="INTEGER" property="userId"/>
        <result column="REAL_NAME" jdbcType="VARCHAR" property="realName"/>
        <result column="USER_PHONE" jdbcType="VARCHAR" property="userPhone"/>
        <result column="USER_EMAIL" jdbcType="VARCHAR" property="userEmail"/>
        <result column="USER_ADDR" jdbcType="VARCHAR" property="userAddr"/>
        <result column="CURRENCY" jdbcType="VARCHAR" property="currency"/>
        <result column="PAY_PWD" jdbcType="VARCHAR" property="payPwd"/>
        <result column="REGISTER_TIME" jdbcType="VARCHAR" property="registerTime"/>
        <result column="REGISTER_IP" jdbcType="VARCHAR" property="registerIp"/>
        <result column="LAST_LOGIN_TIME" jdbcType="VARCHAR" property="lastLoginTime"/>
        <result column="LAST_LOGIN_IP" jdbcType="VARCHAR" property="lastLoginIp"/>
    </resultMap>
    <insert id="insert" parameterType="com.oudake.web.model.TblUserInfo">
    insert into TBL_USER_INFO (USER_ID, REAL_NAME, USER_PHONE, 
      USER_EMAIL, USER_ADDR, CURRENCY, 
      PAY_PWD, REGISTER_TIME, REGISTER_IP, 
      LAST_LOGIN_TIME, LAST_LOGIN_IP)
    values (#{userId,jdbcType=INTEGER}, #{realName,jdbcType=VARCHAR}, #{userPhone,jdbcType=VARCHAR}, 
      #{userEmail,jdbcType=VARCHAR}, #{userAddr,jdbcType=VARCHAR}, #{currency,jdbcType=VARCHAR}, 
      #{payPwd,jdbcType=VARCHAR}, #{registerTime,jdbcType=VARCHAR}, #{registerIp,jdbcType=VARCHAR}, 
      #{lastLoginTime,jdbcType=VARCHAR}, #{lastLoginIp,jdbcType=VARCHAR})
  </insert>
    <insert id="insertSelective" parameterType="com.oudake.web.model.TblUserInfo">
        insert into TBL_USER_INFO
        <trim prefix="(" suffix=")" suffixOverrides=",">
            <if test="userId != null">
                USER_ID,
            </if>
            <if test="realName != null">
                REAL_NAME,
            </if>
            <if test="userPhone != null">
                USER_PHONE,
            </if>
            <if test="userEmail != null">
                USER_EMAIL,
            </if>
            <if test="userAddr != null">
                USER_ADDR,
            </if>
            <if test="currency != null">
                CURRENCY,
            </if>
            <if test="payPwd != null">
                PAY_PWD,
            </if>
            <if test="registerTime != null">
                REGISTER_TIME,
            </if>
            <if test="registerIp != null">
                REGISTER_IP,
            </if>
            <if test="lastLoginTime != null">
                LAST_LOGIN_TIME,
            </if>
            <if test="lastLoginIp != null">
                LAST_LOGIN_IP,
            </if>
        </trim>
        <trim prefix="values (" suffix=")" suffixOverrides=",">
            <if test="userId != null">
                #{userId,jdbcType=INTEGER},
            </if>
            <if test="realName != null">
                #{realName,jdbcType=VARCHAR},
            </if>
            <if test="userPhone != null">
                #{userPhone,jdbcType=VARCHAR},
            </if>
            <if test="userEmail != null">
                #{userEmail,jdbcType=VARCHAR},
            </if>
            <if test="userAddr != null">
                #{userAddr,jdbcType=VARCHAR},
            </if>
            <if test="currency != null">
                #{currency,jdbcType=VARCHAR},
            </if>
            <if test="payPwd != null">
                #{payPwd,jdbcType=VARCHAR},
            </if>
            <if test="registerTime != null">
                #{registerTime,jdbcType=VARCHAR},
            </if>
            <if test="registerIp != null">
                #{registerIp,jdbcType=VARCHAR},
            </if>
            <if test="lastLoginTime != null">
                #{lastLoginTime,jdbcType=VARCHAR},
            </if>
            <if test="lastLoginIp != null">
                #{lastLoginIp,jdbcType=VARCHAR},
            </if>
        </trim>
    </insert>

    <select id="findByUserId" resultMap="BaseResultMap" resultType="com.oudake.web.model.TblUserInfo">
        select
        *
        from
        TBL_USER_INFO t1
        where 1 = 1
        <if test="userId != null and userId > 0">
            and t1.USER_ID = #{userId}
        </if>
    </select>
</mapper>